<?xml version="1.0" encoding="UTF-8"?>
<!DOCTYPE plist PUBLIC "-//Apple//DTD PLIST 1.0//EN" "http://www.apple.com/DTDs/PropertyList-1.0.dtd">
<plist version="1.0">
<dict>
	<key>Install Swf</key>
	<string>Basic Edition Settings Dialogue Flat.swf</string>
	<key>License</key>
	<integer>1</integer>
	<key>License Name</key>
	<string>EULA.txt</string>
	<key>Name</key>
	<string>HAL 9000 [Console] Basic</string>
	<key>OpenSystemPrefs</key>
	<integer>1</integer>
	<key>Quiet</key>
	<integer>0</integer>
	<key>ReadMe</key>
	<integer>1</integer>
	<key>ReadMe Name</key>
	<string>README.txt</string>
	<key>Welcome</key>
	<integer>1</integer>
	<key>playOnMainMonitorOnly</key>
	<integer>0</integer>
</dict>
</plist>
